{"cameraMode":{"drawMode":0,"name":"Shaded","section":"Shading Mode"},"sceneLighting":false,"audioPlay":false,"sceneViewState":{"showFog":true,"showMaterialUpdate":false,"showSkybox":true,"showFlares":true,"showImageEffects":true,"showParticleSystems":true},"in2DMode":false,"pivot":{"x":10.60433292388916,"y":-33.15416717529297,"z":-3.7538962364196779},"rotation":{"x":0.012809100560843945,"y":-0.713740348815918,"z":0.7001830339431763,"w":0.013056202791631222},"size":38.28170394897461,"orthographic":false}